Product_ID,Product_Name,Brand,Category,Price,Stock_Quantity,Rating
P0001,Purpose Laptop,Samsung,Smartwatch,37866.44,142,3.9
P0002,Brother Laptop,Xiaomi,Headphones,6219.73,95,1.9
P0003,Ago Mobile,Realme,Tablet,107828.91,718,3.2
P0004,Site Tablet,Asus,Smartwatch,121700.42,6,4.0
P0005,Face Television,Lenovo,Camera,42763.89,220,4.8
P0006,Election Camera,Apple,Laptop,57919.2,367,4.4
P0007,Dog Smartwatch,Samsung,Speaker,81129.87,996,4.7
P0008,Chair Laptop,Realme,Smartwatch,124666.59,633,4.5
P0009,Since Camera,Xiaomi,Tablet,106128.92,46,3.6
P0010,Blue Smartwatch,Apple,Tablet,130172.82,389,2.1
P0011,Require Camera,Sony,Camera,54257.7,686,2.1
P0012,Sit Laptop,Xiaomi,Television,80819.77,250,1.7
P0013,Wait Headphones,Dell,Tablet,103165.22,863,4.1
P0014,Offer Mobile,LG,Mobile,121049.3,410,2.1
P0015,Begin Tablet,Xiaomi,Camera,33075.04,511,2.6
P0016,Performance Speaker,Sony,Smartwatch,22235.1,762,3.2
P0017,Knowledge Smartwatch,Xiaomi,Headphones,134826.7,408,2.4
P0018,Almost Television,Realme,Speaker,15000.05,48,4.4
P0019,All Television,Sony,Headphones,90066.74,394,2.5
P0020,Better Speaker,Realme,Smartwatch,145705.14,881,4.8
P0021,Discover Laptop,Realme,Smartwatch,115636.91,348,1.4
P0022,Early Headphones,Sony,Speaker,1981.93,739,4.5
P0023,Mouth Smartwatch,Realme,Television,76890.73,108,4.5
P0024,Play Smartwatch,Realme,Tablet,24196.63,780,1.6
P0025,Agreement Mobile,Xiaomi,Camera,74057.95,114,4.7
P0026,Option Smartwatch,LG,Mobile,37269.43,580,4.8
P0027,Decide Laptop,Asus,Laptop,146730.7,545,4.1
P0028,Sense Television,Asus,Television,40860.91,893,3.4
P0029,Rate Tablet,Realme,Tablet,107372.92,408,5.0
P0030,Science Camera,Asus,Speaker,19469.12,230,1.3
P0031,Offer Mobile,Xiaomi,Tablet,88883.36,7,1.3
P0032,Kind Mobile,LG,Laptop,135954.87,880,2.3
P0033,Discussion Tablet,Dell,Speaker,33314.17,135,3.9
P0034,List Speaker,LG,Speaker,121413.3,194,1.4
P0035,Perform Headphones,HP,Headphones,62548.69,884,3.9
P0036,Fall Laptop,Samsung,Headphones,109639.72,819,4.4
P0037,Table Tablet,LG,Tablet,81138.43,143,2.7
P0038,True Smartwatch,Asus,Tablet,131361.16,77,2.8
P0039,According Laptop,Samsung,Mobile,145395.94,948,4.0
P0040,Song Tablet,Sony,Headphones,73617.71,218,4.5
P0041,Sure Mobile,Sony,Headphones,1820.07,399,2.1
P0042,Collection Speaker,Dell,Headphones,104943.84,748,5.0
P0043,Save Speaker,Sony,Tablet,45561.11,991,1.2
P0044,Knowledge Mobile,HP,Mobile,8946.14,488,3.0
P0045,Grow Television,Samsung,Laptop,127924.37,70,3.4
P0046,Fall Tablet,Lenovo,Laptop,141327.02,583,2.0
P0047,Clearly Mobile,Xiaomi,Laptop,63754.9,597,3.3
P0048,Dinner Camera,Dell,Tablet,100954.31,321,2.0
P0049,Source Headphones,Sony,Smartwatch,69397.85,951,4.0
P0050,Great Laptop,Samsung,Speaker,93742.15,576,5.0
P0051,Blue Laptop,Realme,Tablet,76623.88,135,4.7
P0052,Best Laptop,LG,Camera,43820.63,448,4.3
P0053,Husband Smartwatch,Xiaomi,Mobile,100677.69,567,2.2
P0054,Bill Laptop,Sony,Smartwatch,18641.16,109,4.0
P0055,Her Television,Dell,Smartwatch,91317.23,734,2.4
P0056,Throw Smartwatch,Realme,Speaker,38791.51,929,4.4
P0057,Guy Laptop,Lenovo,Smartwatch,8046.88,341,4.1
P0058,Pm Smartwatch,Sony,Speaker,83424.54,437,3.2
P0059,Everything Laptop,Apple,Television,82520.16,854,2.5
P0060,Surface Television,Lenovo,Television,7711.59,373,4.6
P0061,Animal Mobile,HP,Tablet,102786.9,682,1.4
P0062,Show Headphones,Xiaomi,Television,138975.93,242,4.5
P0063,Machine Television,Lenovo,Mobile,28135.06,946,2.3
P0064,Not Headphones,LG,Smartwatch,25140.88,718,1.4
P0065,Capital Mobile,Asus,Tablet,31136.57,940,2.8
P0066,Win Smartwatch,LG,Tablet,5014.17,197,2.6
P0067,Human Smartwatch,Apple,Smartwatch,53645.2,521,2.6
P0068,Bar Camera,Samsung,Laptop,131740.2,267,1.7
P0069,Old Smartwatch,Samsung,Laptop,90090.83,353,3.9
P0070,Finally Camera,Lenovo,Laptop,58701.52,590,1.8
P0071,Themselves Mobile,Lenovo,Mobile,78708.17,825,3.2
P0072,Production Tablet,HP,Headphones,11891.11,680,4.7
P0073,Present Camera,Apple,Smartwatch,76807.69,682,2.6
P0074,Value Headphones,Dell,Television,29988.25,680,4.8
P0075,Training Television,Xiaomi,Smartwatch,61802.16,853,1.0
P0076,High Smartwatch,LG,Headphones,118185.19,621,3.6
P0077,Participant Speaker,Asus,Speaker,101830.64,523,2.9
P0078,Dark Television,Apple,Smartwatch,78044.62,648,3.5
P0079,Sea Laptop,LG,Smartwatch,34859.14,203,1.6
P0080,Available Mobile,LG,Speaker,92274.18,786,1.3
P0081,Answer Headphones,Xiaomi,Tablet,108174.37,393,3.0
P0082,Recently Tablet,Sony,Mobile,134059.98,881,4.1
P0083,Drive Laptop,Lenovo,Tablet,27619.17,980,3.8
P0084,Spring Speaker,Samsung,Tablet,137744.3,124,2.8
P0085,Figure Speaker,Realme,Camera,142580.88,912,2.8
P0086,Base Headphones,Realme,Speaker,134735.4,761,4.4
P0087,Top Speaker,Dell,Tablet,126219.64,283,4.1
P0088,Early Speaker,LG,Smartwatch,66821.08,730,2.1
P0089,Trial Smartwatch,HP,Camera,134114.48,82,1.6
P0090,Blood Tablet,Lenovo,Television,106403.24,65,2.7
P0091,Husband Camera,Realme,Speaker,63242.47,211,4.3
P0092,Fall Headphones,Xiaomi,Mobile,128724.71,783,3.3
P0093,Long Speaker,Samsung,Camera,45843.98,399,4.4
P0094,Prove Headphones,Realme,Tablet,74002.08,279,2.7
P0095,They Mobile,Lenovo,Camera,100827.73,817,2.6
P0096,His Television,Asus,Television,147137.21,546,1.1
P0097,Commercial Headphones,Xiaomi,Mobile,13966.2,438,1.5
P0098,Hospital Speaker,Sony,Mobile,40133.21,335,1.8
P0099,Hear Camera,HP,Headphones,42821.11,974,4.3
P0100,Determine Smartwatch,Apple,Speaker,4378.42,552,1.2
P0101,Religious Camera,LG,Laptop,117513.11,667,1.2
P0102,Example Mobile,LG,Tablet,126125.48,636,1.6
P0103,Science Television,Asus,Laptop,85249.48,223,2.9
P0104,Write Smartwatch,HP,Television,91475.06,986,4.0
P0105,Result Laptop,Sony,Smartwatch,17552.66,26,4.7
P0106,Raise Headphones,Lenovo,Tablet,12785.48,707,4.3
P0107,Away Tablet,Apple,Smartwatch,127768.55,614,4.2
P0108,Politics Mobile,HP,Headphones,99735.92,70,3.0
P0109,Prove Camera,Samsung,Headphones,123616.14,108,2.7
P0110,Congress Camera,Asus,Television,66169.84,751,3.1
P0111,None Smartwatch,Xiaomi,Speaker,70533.76,845,3.9
P0112,Shoulder Smartwatch,HP,Tablet,124863.56,88,2.1
P0113,Election Speaker,LG,Speaker,86122.67,684,2.5
P0114,Common Mobile,Asus,Camera,28503.22,217,2.4
P0115,Maintain Smartwatch,HP,Smartwatch,132227.52,718,4.5
P0116,Hundred Mobile,Realme,Tablet,14213.52,737,2.6
P0117,Expect Tablet,Asus,Speaker,68053.92,17,1.4
P0118,Wish Tablet,Lenovo,Tablet,46971.6,595,2.5
P0119,Push Camera,Lenovo,Camera,53743.86,464,2.1
P0120,Rise Smartwatch,LG,Laptop,108610.72,323,1.5
P0121,Onto Television,LG,Tablet,111182.79,283,3.9
P0122,Discuss Smartwatch,Apple,Tablet,45492.6,369,1.7
P0123,Reveal Mobile,Realme,Television,42235.23,997,1.2
P0124,Garden Smartwatch,Sony,Speaker,16734.27,12,3.3
P0125,Threat Speaker,Asus,Speaker,52094.83,988,1.2
P0126,Special Speaker,Apple,Laptop,61005.06,75,3.3
P0127,Stand Mobile,Sony,Television,121954.6,971,2.2
P0128,Arrive Tablet,Apple,Headphones,91538.17,809,3.5
P0129,Drop Headphones,Asus,Speaker,45656.94,602,5.0
P0130,Term Smartwatch,Xiaomi,Mobile,92030.19,757,1.4
P0131,Almost Tablet,LG,Smartwatch,99573.58,160,2.0
P0132,Support Laptop,Sony,Mobile,62164.86,705,3.4
P0133,Four Smartwatch,Samsung,Tablet,44283.58,289,3.8
P0134,Institution Speaker,Apple,Tablet,138700.79,806,4.2
P0135,Executive Tablet,Lenovo,Laptop,82367.51,663,1.6
P0136,Attorney Smartwatch,Sony,Laptop,10356.25,811,2.2
P0137,Development Smartwatch,Asus,Laptop,71101.65,311,3.8
P0138,White Smartwatch,Realme,Speaker,66507.19,612,1.2
P0139,Yes Headphones,HP,Smartwatch,5340.94,234,4.8
P0140,Our Mobile,Dell,Mobile,114821.69,179,2.9
P0141,Under Speaker,Dell,Television,149546.4,446,3.5
P0142,Serious Speaker,Apple,Speaker,53172.22,341,2.3
P0143,Forward Laptop,Sony,Camera,62629.3,507,2.2
P0144,Difference Headphones,Realme,Mobile,69041.65,322,2.0
P0145,Reality Laptop,Lenovo,Mobile,99162.57,555,2.8
P0146,Money Mobile,LG,Camera,93961.13,510,3.5
P0147,Individual Mobile,LG,Smartwatch,83059.12,949,2.2
P0148,Usually Speaker,Apple,Mobile,146012.3,623,4.2
P0149,Who Television,Dell,Mobile,83509.33,95,1.9
P0150,Question Laptop,Asus,Laptop,97684.89,157,3.0
P0151,Low Smartwatch,Realme,Smartwatch,63200.32,494,4.9
P0152,Character Tablet,Asus,Television,58462.52,943,3.4
P0153,Evidence Television,Apple,Smartwatch,116242.26,874,2.7
P0154,Chair Smartwatch,Samsung,Smartwatch,109318.57,857,3.3
P0155,Employee Speaker,Sony,Speaker,81479.22,353,2.3
P0156,Size Headphones,Asus,Camera,130635.85,714,2.0
P0157,Option Headphones,LG,Headphones,7981.62,762,2.9
P0158,Nothing Headphones,Lenovo,Television,75056.3,37,1.5
P0159,Everyone Camera,Apple,Speaker,16307.19,932,2.8
P0160,Skin Television,Lenovo,Television,12611.99,800,4.9
P0161,Pattern Camera,Xiaomi,Headphones,98000.74,872,2.3
P0162,Later Headphones,HP,Speaker,131048.88,36,3.5
P0163,Water Tablet,Dell,Tablet,112394.81,444,4.9
P0164,Past Laptop,Asus,Television,104559.17,925,1.1
P0165,Inside Camera,Samsung,Smartwatch,54731.81,441,1.6
P0166,High Headphones,Xiaomi,Television,26742.57,80,3.4
P0167,Discuss Headphones,Xiaomi,Tablet,75403.59,597,1.6
P0168,Certainly Speaker,Dell,Speaker,39416.02,9,4.6
P0169,Mr Speaker,Dell,Television,12468.49,967,2.4
P0170,Minute Smartwatch,Lenovo,Smartwatch,69340.12,309,1.8
P0171,Benefit Headphones,Asus,Laptop,36725.05,585,2.4
P0172,Someone Smartwatch,Dell,Mobile,146724.76,674,2.6
P0173,Anyone Mobile,Xiaomi,Mobile,136726.62,763,3.0
P0174,Traditional Smartwatch,LG,Camera,34022.17,194,3.5
P0175,Break Television,Apple,Mobile,47376.53,451,1.1
P0176,Claim Camera,Sony,Laptop,136579.73,334,4.0
P0177,Product Television,LG,Television,118297.15,897,4.9
P0178,Collection Smartwatch,Sony,Smartwatch,137236.27,966,2.9
P0179,Structure Smartwatch,HP,Laptop,71047.21,77,1.6
P0180,Response Tablet,Lenovo,Camera,14909.98,404,1.1
P0181,Knowledge Laptop,Asus,Camera,101415.01,688,2.0
P0182,Pick Headphones,HP,Laptop,101713.23,482,1.1
P0183,Attack Camera,Xiaomi,Tablet,97676.38,650,4.3
P0184,Image Smartwatch,Lenovo,Laptop,22256.89,968,1.1
P0185,I Speaker,Apple,Laptop,36367.8,550,1.5
P0186,Pick Speaker,HP,Headphones,88720.04,744,1.6
P0187,Management Headphones,Apple,Speaker,92924.35,961,4.8
P0188,Newspaper Mobile,HP,Tablet,67342.39,973,1.9
P0189,Enter Camera,Apple,Camera,82353.18,660,2.4
P0190,On Headphones,Dell,Tablet,145278.72,971,4.4
P0191,Traditional Speaker,Apple,Tablet,96793.11,611,4.9
P0192,Yes Mobile,HP,Tablet,148339.9,805,3.3
P0193,Activity Laptop,Realme,Tablet,88577.89,832,4.5
P0194,Response Camera,Sony,Mobile,42675.31,148,5.0
P0195,Set Smartwatch,Sony,Laptop,99667.06,26,1.5
P0196,Building Camera,LG,Camera,3843.49,271,1.2
P0197,Rest Headphones,Realme,Laptop,112231.29,487,2.8
P0198,Value Camera,Realme,Laptop,68622.8,226,4.8
P0199,Not Mobile,Realme,Smartwatch,69519.31,987,1.1
P0200,Social Speaker,Lenovo,Headphones,103385.48,502,3.8
P0201,Example Speaker,Apple,Laptop,49333.61,151,1.3
P0202,Specific Smartwatch,Xiaomi,Camera,58064.3,611,3.1
P0203,Put Speaker,Realme,Headphones,16228.0,718,1.5
P0204,Grow Tablet,Lenovo,Speaker,133381.52,423,2.4
P0205,Brother Speaker,Lenovo,Headphones,109847.46,320,2.7
P0206,Finally Smartwatch,HP,Television,103492.92,485,1.3
P0207,Learn Laptop,Apple,Headphones,15839.82,756,2.5
P0208,Coach Television,Realme,Mobile,88590.06,575,3.2
P0209,Long Laptop,Lenovo,Camera,131230.69,963,4.0
P0210,About Mobile,Dell,Smartwatch,53719.46,591,3.0
P0211,Seven Television,Asus,Tablet,127320.31,358,4.4
P0212,Type Camera,Apple,Smartwatch,86753.85,826,2.7
P0213,Serve Mobile,Xiaomi,Smartwatch,5799.55,279,3.8
P0214,Everyone Smartwatch,HP,Camera,2406.71,890,1.6
P0215,Month Headphones,Apple,Television,111533.91,995,1.1
P0216,Sound Tablet,Lenovo,Headphones,68866.4,161,2.5
P0217,Could Camera,Xiaomi,Laptop,132676.31,159,1.6
P0218,Movement Mobile,Apple,Smartwatch,67302.28,434,2.9
P0219,While Speaker,Lenovo,Smartwatch,33511.99,524,1.5
P0220,Born Headphones,Apple,Smartwatch,102215.36,607,2.9
P0221,Truth Smartwatch,Samsung,Tablet,60196.61,613,1.2
P0222,Process Tablet,Dell,Tablet,115451.4,782,2.0
P0223,Fire Camera,Apple,Mobile,75361.72,440,1.7
P0224,Thought Headphones,Realme,Tablet,75788.96,853,3.7
P0225,Purpose Camera,Apple,Headphones,129472.01,43,2.7
P0226,Movement Speaker,Apple,Camera,87000.24,587,2.6
P0227,Politics Headphones,Dell,Laptop,61647.3,989,2.3
P0228,Decide Speaker,HP,Laptop,66351.7,108,2.0
P0229,Claim Headphones,Realme,Laptop,60271.35,317,4.0
P0230,Hour Tablet,HP,Television,12842.34,648,1.5
P0231,Sound Tablet,HP,Camera,109515.8,838,3.6
P0232,Color Television,LG,Laptop,23246.97,202,1.7
P0233,Notice Television,Apple,Television,142766.88,643,3.0
P0234,Start Speaker,Xiaomi,Camera,129840.66,642,2.3
P0235,Win Speaker,Apple,Speaker,67167.9,310,4.2
P0236,Nice Mobile,HP,Laptop,47595.57,462,1.2
P0237,Why Camera,Dell,Laptop,97232.97,1000,4.4
P0238,A Headphones,Asus,Mobile,68285.45,829,3.3
P0239,Place Tablet,HP,Speaker,75953.04,980,1.2
P0240,Game Laptop,HP,Laptop,76425.53,176,1.2
P0241,Middle Speaker,Asus,Television,55538.85,939,2.1
P0242,After Headphones,HP,Mobile,118700.2,662,2.3
P0243,Brother Camera,Apple,Headphones,43695.83,741,4.4
P0244,Woman Television,HP,Laptop,88036.82,144,4.7
P0245,Him Smartwatch,Lenovo,Television,89863.62,960,1.3
P0246,Unit Headphones,HP,Television,101012.29,848,4.8
P0247,Theory Laptop,Lenovo,Camera,4207.23,316,1.7
P0248,Surface Tablet,HP,Speaker,30012.78,140,1.6
P0249,Food Smartwatch,Apple,Mobile,99796.49,897,4.1
P0250,Education Television,Xiaomi,Headphones,24406.54,185,4.3
P0251,Article Television,Asus,Mobile,62512.5,692,3.9
P0252,Effect Speaker,Xiaomi,Smartwatch,113230.09,802,2.8
P0253,Unit Tablet,Dell,Speaker,135740.19,198,2.5
P0254,Our Speaker,Asus,Smartwatch,117051.42,514,3.1
P0255,Your Television,LG,Television,131140.79,53,3.6
P0256,Bar Camera,Realme,Laptop,107143.05,528,4.4
P0257,Bed Smartwatch,Apple,Television,42009.51,927,3.1
P0258,Sign Headphones,Apple,Tablet,122780.43,905,2.4
P0259,Mention Mobile,Lenovo,Mobile,60373.41,382,1.9
P0260,Team Laptop,HP,Tablet,5685.85,953,1.4
P0261,Authority Camera,Sony,Television,7188.02,939,4.3
P0262,Soon Television,Asus,Speaker,92879.22,927,1.3
P0263,No Smartwatch,LG,Television,82997.43,744,3.4
P0264,Space Headphones,Apple,Smartwatch,36789.57,124,1.2
P0265,Car Headphones,Xiaomi,Speaker,10826.86,856,4.6
P0266,Career Mobile,Realme,Tablet,108203.83,298,2.7
P0267,Receive Camera,LG,Headphones,29316.12,684,1.3
P0268,May Camera,Apple,Mobile,59482.38,481,1.2
P0269,Your Headphones,HP,Smartwatch,112476.51,365,4.2
P0270,Often Camera,LG,Laptop,116067.95,752,4.0
P0271,Company Television,Samsung,Camera,82583.04,833,3.6
P0272,Evidence Speaker,Asus,Television,122007.41,64,3.9
P0273,News Speaker,Samsung,Smartwatch,31436.26,810,1.8
P0274,Turn Mobile,HP,Smartwatch,78034.46,834,3.2
P0275,Policy Smartwatch,Samsung,Tablet,43987.47,882,4.1
P0276,Land Camera,Dell,Laptop,120202.35,447,4.6
P0277,Development Speaker,Lenovo,Camera,146097.95,508,3.8
P0278,Woman Camera,Realme,Smartwatch,120470.49,744,2.7
P0279,Notice Headphones,Xiaomi,Television,82502.95,328,1.4
P0280,Someone Camera,Dell,Smartwatch,67718.49,734,2.7
P0281,Show Speaker,HP,Speaker,7789.74,890,4.6
P0282,Road Headphones,Dell,Mobile,12643.61,652,2.6
P0283,Deep Television,Samsung,Television,127527.39,694,4.1
P0284,Sell Mobile,Sony,Laptop,36545.31,660,2.5
P0285,Forget Headphones,Xiaomi,Mobile,91356.58,695,2.8
P0286,Inside Camera,HP,Speaker,114818.04,587,1.6
P0287,Remain Camera,Lenovo,Camera,97959.77,255,4.8
P0288,Rate Mobile,Sony,Speaker,78385.17,935,3.2
P0289,Hour Smartwatch,Dell,Speaker,33363.71,626,2.1
P0290,Left Speaker,LG,Laptop,21655.67,75,2.8
P0291,We Speaker,Apple,Camera,100674.21,726,1.3
P0292,Nation Smartwatch,Dell,Television,107203.65,949,3.8
P0293,Live Television,HP,Tablet,19522.32,205,4.2
P0294,Camera Tablet,Asus,Mobile,55093.13,586,2.5
P0295,End Television,Xiaomi,Laptop,11263.59,407,5.0
P0296,Down Speaker,Realme,Headphones,115720.94,843,3.3
P0297,Attack Television,HP,Laptop,68321.21,696,3.1
P0298,Ground Television,Realme,Television,115515.57,132,2.7
P0299,Against Mobile,Apple,Television,46662.49,165,2.3
P0300,Per Tablet,HP,Smartwatch,127121.16,256,1.8
P0301,Once Smartwatch,Sony,Smartwatch,92742.6,95,3.0
P0302,Drug Television,Xiaomi,Television,26923.29,639,3.9
P0303,Per Camera,Xiaomi,Mobile,124047.59,29,1.3
P0304,Discussion Smartwatch,LG,Headphones,93289.1,31,3.0
P0305,Account Smartwatch,Dell,Speaker,37864.37,826,3.7
P0306,Avoid Smartwatch,Asus,Laptop,103759.12,161,2.8
P0307,Second Speaker,Asus,Tablet,52018.6,147,2.3
P0308,Program Camera,HP,Headphones,20918.77,379,3.1
P0309,Artist Laptop,HP,Tablet,70771.18,273,2.8
P0310,Drop Television,Apple,Mobile,44596.48,393,4.5
P0311,Author Headphones,LG,Television,122301.46,956,3.3
P0312,Western Camera,LG,Television,75492.43,527,2.9
P0313,Almost Smartwatch,Asus,Mobile,14872.29,402,3.0
P0314,Trade Tablet,LG,Camera,8725.73,288,3.0
P0315,Give Speaker,Dell,Mobile,127305.1,441,1.5
P0316,Avoid Smartwatch,HP,Headphones,55841.7,410,1.2
P0317,My Tablet,HP,Smartwatch,12419.46,516,2.8
P0318,Economy Smartwatch,Xiaomi,Laptop,20606.51,99,2.6
P0319,Family Camera,Realme,Camera,113612.33,203,3.4
P0320,Relationship Headphones,Realme,Mobile,8227.55,140,3.9
P0321,Mention Speaker,Realme,Speaker,23617.69,914,3.1
P0322,Difficult Camera,Xiaomi,Camera,25631.55,631,4.0
P0323,Notice Smartwatch,Xiaomi,Camera,76836.28,521,3.1
P0324,Cause Smartwatch,Asus,Mobile,56201.13,689,1.4
P0325,Several Headphones,Xiaomi,Smartwatch,119818.09,742,4.5
P0326,Worry Mobile,Xiaomi,Speaker,40931.27,671,4.1
P0327,Us Tablet,Samsung,Speaker,26821.04,644,3.9
P0328,Own Headphones,Sony,Tablet,6188.22,970,3.8
P0329,Part Tablet,Samsung,Speaker,48083.33,155,2.7
P0330,Material Tablet,Lenovo,Speaker,131113.43,753,3.9
P0331,Eight Television,Realme,Tablet,84791.69,678,2.9
P0332,Still Headphones,HP,Television,69760.03,545,2.4
P0333,Material Camera,Dell,Speaker,30051.23,252,2.1
P0334,Surface Smartwatch,LG,Smartwatch,116019.38,721,1.8
P0335,Investment Speaker,HP,Speaker,53297.27,956,4.7
P0336,Customer Smartwatch,Dell,Laptop,86661.31,556,2.5
P0337,Between Headphones,HP,Television,44632.22,294,4.8
P0338,Bill Laptop,HP,Speaker,98911.85,765,2.9
P0339,Reason Tablet,Realme,Smartwatch,140054.05,712,2.1
P0340,Lawyer Laptop,Xiaomi,Tablet,37505.02,685,4.6
P0341,Health Tablet,LG,Mobile,16379.4,338,3.9
P0342,Land Laptop,Sony,Mobile,144731.04,951,1.6
P0343,Item Speaker,Asus,Tablet,113752.79,294,2.3
P0344,Manage Mobile,Apple,Tablet,80970.11,740,4.4
P0345,Treat Mobile,Sony,Headphones,132513.38,180,4.7
P0346,Shoulder Mobile,Lenovo,Speaker,29167.28,766,4.8
P0347,Arm Smartwatch,Samsung,Mobile,45811.24,617,1.4
P0348,Report Camera,Dell,Speaker,148381.27,556,3.1
P0349,Ready Television,Realme,Speaker,42016.31,828,1.5
P0350,Race Television,Asus,Smartwatch,108211.83,14,3.9
P0351,Billion Smartwatch,Xiaomi,Tablet,27560.99,876,3.6
P0352,Ask Headphones,Lenovo,Camera,14380.56,685,1.4
P0353,Interesting Television,Asus,Camera,140470.07,6,2.0
P0354,Should Tablet,Asus,Smartwatch,143174.17,309,3.3
P0355,Group Mobile,Dell,Camera,104376.14,63,3.7
P0356,Such Speaker,Dell,Television,61704.37,514,4.7
P0357,Training Smartwatch,Apple,Smartwatch,56080.27,226,1.9
P0358,Boy Television,Asus,Television,69064.33,620,2.5
P0359,Energy Speaker,Realme,Tablet,114636.15,696,4.0
P0360,Dark Laptop,Realme,Speaker,79933.71,370,1.3
P0361,Customer Laptop,Samsung,Tablet,86546.2,153,1.7
P0362,Not Speaker,Apple,Tablet,107962.32,500,1.4
P0363,List Speaker,Samsung,Speaker,21093.73,425,2.8
P0364,Challenge Mobile,Realme,Speaker,101406.01,315,3.9
P0365,Knowledge Headphones,Dell,Mobile,112251.97,592,1.3
P0366,Cover Headphones,HP,Laptop,81862.78,61,4.7
P0367,Family Laptop,Asus,Mobile,44132.97,184,4.1
P0368,Maintain Headphones,HP,Headphones,68107.76,939,4.6
P0369,Enjoy Headphones,Apple,Television,98549.81,356,1.5
P0370,Two Headphones,Realme,Television,109586.93,228,4.3
P0371,Wind Mobile,Dell,Speaker,101514.73,557,2.7
P0372,Bag Headphones,LG,Tablet,69902.85,158,2.1
P0373,Level Laptop,Samsung,Headphones,92816.1,958,4.5
P0374,System Mobile,LG,Tablet,11492.7,608,1.1
P0375,Training Mobile,LG,Mobile,61236.4,239,3.2
P0376,Total Mobile,Sony,Smartwatch,36272.99,938,3.9
P0377,Oil Camera,Xiaomi,Camera,36680.25,897,1.6
P0378,Billion Tablet,Lenovo,Smartwatch,42360.36,570,4.8
P0379,Apply Television,Lenovo,Speaker,8462.29,352,4.8
P0380,Reach Headphones,Realme,Camera,104901.8,418,1.6
P0381,Now Headphones,Sony,Speaker,37283.78,230,2.2
P0382,Think Television,Asus,Mobile,85014.31,991,2.7
P0383,Administration Television,Lenovo,Tablet,39366.85,338,3.6
P0384,Better Speaker,HP,Laptop,81041.88,849,1.8
P0385,With Smartwatch,Lenovo,Mobile,131232.64,192,4.2
P0386,Some Tablet,Asus,Tablet,130616.87,340,2.2
P0387,Time Mobile,LG,Tablet,144368.52,120,4.0
P0388,Economic Speaker,LG,Tablet,60399.86,245,3.2
P0389,Compare Smartwatch,Lenovo,Speaker,80747.04,367,2.2
P0390,Investment Camera,Realme,Speaker,70701.6,822,4.9
P0391,Mention Speaker,HP,Tablet,56549.68,423,1.2
P0392,Medical Tablet,Sony,Mobile,40224.96,957,3.3
P0393,Different Headphones,Dell,Television,30634.48,235,2.5
P0394,Treatment Tablet,Asus,Camera,39713.02,841,3.0
P0395,Institution Speaker,Asus,Television,110316.68,360,1.7
P0396,Weight Speaker,Sony,Mobile,79305.75,859,4.4
P0397,Artist Mobile,Samsung,Headphones,21917.49,645,1.9
P0398,Community Television,Samsung,Tablet,76601.34,382,1.2
P0399,Hundred Speaker,Asus,Mobile,2481.94,564,2.6
P0400,Able Mobile,Realme,Smartwatch,81057.11,293,1.1
P0401,In Headphones,Sony,Laptop,137830.25,536,1.6
P0402,Evidence Tablet,Xiaomi,Smartwatch,122559.34,273,4.2
P0403,With Laptop,HP,Headphones,69661.17,249,5.0
P0404,Step Tablet,Dell,Laptop,98579.75,878,3.6
P0405,Still Mobile,Apple,Headphones,57820.71,565,2.9
P0406,Look Mobile,Sony,Laptop,75728.97,444,3.6
P0407,Feeling Camera,Xiaomi,Laptop,134376.5,941,1.2
P0408,Land Tablet,Xiaomi,Speaker,41757.62,946,1.3
P0409,Same Smartwatch,Realme,Mobile,28134.14,870,2.3
P0410,Side Tablet,Xiaomi,Television,113209.79,729,4.3
P0411,Step Laptop,Dell,Television,85247.79,580,4.3
P0412,Only Headphones,Realme,Camera,58501.16,757,1.6
P0413,Recently Laptop,Realme,Camera,9473.92,447,1.9
P0414,Serious Laptop,HP,Headphones,145384.7,334,1.1
P0415,Message Smartwatch,Asus,Speaker,35378.55,566,4.8
P0416,Clear Headphones,Sony,Headphones,14225.58,633,2.2
P0417,Customer Tablet,Apple,Laptop,41293.85,389,3.8
P0418,Fine Television,Lenovo,Camera,55063.98,93,1.0
P0419,Director Smartwatch,Asus,Camera,114559.95,104,1.5
P0420,Article Television,Lenovo,Speaker,84212.28,524,2.6
P0421,Particularly Mobile,Apple,Camera,83801.64,611,3.4
P0422,Simply Camera,Lenovo,Mobile,44839.33,397,4.1
P0423,Occur Tablet,Xiaomi,Television,103269.42,173,1.6
P0424,Ask Smartwatch,Dell,Speaker,23171.32,171,2.7
P0425,Small Headphones,Dell,Speaker,117725.99,369,2.0
P0426,Former Tablet,Asus,Tablet,69492.45,138,2.2
P0427,Art Headphones,HP,Headphones,120905.35,337,2.8
P0428,Apply Headphones,Xiaomi,Television,46114.64,617,4.8
P0429,Pattern Tablet,Asus,Camera,27879.13,407,4.9
P0430,Me Smartwatch,Asus,Tablet,49894.11,287,4.3
P0431,Morning Headphones,HP,Laptop,139911.97,204,3.4
P0432,Wide Television,Realme,Mobile,143021.18,472,4.8
P0433,Tonight Tablet,Asus,Smartwatch,124945.35,70,4.3
P0434,Nice Headphones,Asus,Television,95550.4,247,2.0
P0435,Coach Television,Lenovo,Headphones,12483.82,612,2.9
P0436,Art Headphones,Realme,Headphones,82231.31,809,4.9
P0437,Movie Laptop,Apple,Tablet,99153.84,363,1.7
P0438,Be Mobile,Xiaomi,Headphones,145071.45,339,4.9
P0439,Today Headphones,Apple,Mobile,16143.07,227,3.0
P0440,Cultural Tablet,Asus,Camera,59583.42,790,3.7
P0441,Authority Television,HP,Mobile,73191.51,302,2.7
P0442,Physical Laptop,Apple,Television,53226.8,351,2.8
P0443,Author Tablet,Realme,Speaker,53222.59,99,2.8
P0444,Republican Speaker,HP,Laptop,46089.22,829,3.8
P0445,Training Mobile,HP,Laptop,102055.19,168,4.7
P0446,Easy Tablet,Realme,Television,83458.68,338,3.2
P0447,International Speaker,LG,Headphones,95019.41,190,3.6
P0448,Call Headphones,Lenovo,Mobile,111002.17,904,1.8
P0449,Year Headphones,Lenovo,Mobile,106153.24,210,2.1
P0450,Voice Laptop,Xiaomi,Laptop,120226.1,549,1.7
P0451,Over Camera,LG,Speaker,18422.31,686,4.5
P0452,Employee Camera,Xiaomi,Headphones,92279.3,601,1.5
P0453,Particular Camera,Asus,Television,122340.13,722,4.2
P0454,Phone Laptop,Sony,Camera,19002.46,312,1.5
P0455,Among Camera,Sony,Headphones,63608.51,141,3.3
P0456,President Headphones,Sony,Speaker,95871.99,710,4.7
P0457,Beat Television,Realme,Television,74211.84,143,1.7
P0458,Kind Speaker,Xiaomi,Mobile,130030.05,974,1.0
P0459,Really Television,LG,Headphones,144628.62,517,3.6
P0460,Past Headphones,Asus,Headphones,106956.14,454,3.0
P0461,Other Laptop,Xiaomi,Mobile,119688.31,225,2.2
P0462,Necessary Smartwatch,LG,Smartwatch,26479.03,468,3.3
P0463,Four Speaker,Realme,Laptop,86548.04,274,4.1
P0464,Worry Camera,Realme,Mobile,114360.61,451,3.2
P0465,Every Headphones,Apple,Tablet,45709.78,33,2.8
P0466,Democratic Camera,Apple,Speaker,129995.63,120,4.1
P0467,Relationship Tablet,LG,Camera,129365.73,624,3.5
P0468,Sense Television,Xiaomi,Television,118050.12,833,1.8
P0469,Former Mobile,Xiaomi,Camera,80543.7,611,3.2
P0470,Edge Camera,Dell,Smartwatch,86551.23,975,4.4
P0471,Evidence Laptop,Sony,Headphones,137937.15,283,4.5
P0472,Individual Television,Sony,Tablet,23217.15,329,4.3
P0473,Catch Headphones,Asus,Television,87247.69,275,3.5
P0474,Remain Headphones,Asus,Laptop,95593.72,901,4.1
P0475,Quite Headphones,Realme,Smartwatch,104663.49,898,2.5
P0476,First Speaker,HP,Mobile,130532.8,867,3.9
P0477,Lot Speaker,HP,Laptop,119658.17,407,1.9
P0478,Four Headphones,LG,Speaker,41377.72,848,2.1
P0479,Woman Television,Xiaomi,Speaker,118563.09,915,3.7
P0480,Society Mobile,Samsung,Laptop,94487.66,856,2.8
P0481,Would Laptop,Sony,Speaker,69292.94,981,2.7
P0482,Baby Television,Dell,Television,131351.87,897,2.1
P0483,Act Camera,Dell,Laptop,56718.8,925,3.6
P0484,Low Mobile,Lenovo,Smartwatch,109309.27,773,1.9
P0485,Pretty Laptop,Apple,Mobile,33193.04,79,1.5
P0486,Order Tablet,Realme,Speaker,2879.11,712,2.4
P0487,Black Laptop,Lenovo,Television,72438.49,234,2.5
P0488,Back Laptop,Apple,Camera,56082.91,306,1.5
P0489,Note Television,Sony,Laptop,80280.48,8,3.4
P0490,Different Television,Asus,Camera,108781.16,643,4.0
P0491,Move Headphones,Xiaomi,Speaker,129204.43,88,4.6
P0492,Evidence Television,Apple,Headphones,53703.04,439,2.3
P0493,Cause Television,LG,Smartwatch,97226.15,254,3.2
P0494,Worker Smartwatch,Samsung,Smartwatch,32008.69,621,3.0
P0495,Happy Headphones,Dell,Mobile,117894.54,812,4.8
P0496,Upon Speaker,Lenovo,Laptop,37300.64,653,3.4
P0497,Authority Mobile,HP,Camera,21099.46,881,4.4
P0498,Until Headphones,HP,Television,114764.8,977,4.9
P0499,Election Laptop,Samsung,Laptop,3548.32,220,1.2
P0500,Hope Mobile,Lenovo,Smartwatch,94842.75,513,4.1
